{
  "h_min": 20,
  "h_max": 49,
  "s_min": 125,
  "s_max": 248,
  "v_min": 72,
  "v_max": 255,
  "hsv_lower": [
    20,
    125,
    72
  ],
  "hsv_upper": [
    49,
    248,
    255
  ],
  "camera_index": 0,
  "min_contour_area": 500,
  "saved_at": "2026-06-20T16:21:24",
  "area_near": 30898.60857642812,
  "area_far": 8418.648528280602
}